recorded_at,data_date,stock_id,stock_name,model_version,source,close,signal,v_grade,v_quality_score,strength_score,strength_band,rsi14,volume_ratio,ret_20_pct,ai_up_5d_prob,model_train_rows,ret_5d,ret_10d,ret_20d,mfe_5d,mae_5d,mfe_10d,mae_10d,mfe_20d,mae_20d,benchmark_5d,benchmark_10d,benchmark_20d,excess_5d,excess_10d,excess_20d,evaluated_5d_at,evaluated_10d_at,evaluated_20d_at
2026-09-26T00:16:05.182824+08:00,2026-09-24,0050,元大台灣50,v6-model-1.0,FinMind,112.4,,—,,100.0,強多,66.67723590660725,0.9421971688737714,5.987741631305998,0.5633154309965489,1981,,,,,,,,,,,,,,,,,,
2026-09-26T00:25:24.134177+08:00,2026-09-24,00662,富邦NASDAQ,v6-model-1.0,FinMind,124.25,,—,,85.0,強多,66.16923056616594,0.9357159956762872,3.671255736337087,0.6095129155547193,1986,,,,,,,,,,,,,,,,,,
2026-09-26T00:25:25.290817+08:00,2026-09-24,00830,國泰費城半導體,v6-model-1.0,FinMind,88.0,,—,,85.0,強多,62.36159619179565,0.9406713573707152,5.200239091452463,0.5893208677147217,1739,,,,,,,,,,,,,,,,,,
2026-09-26T00:16:03.598235+08:00,2026-09-24,2303,聯電,v6-model-1.0,FinMind,154.0,,—,,100.0,強多,62.38473273173639,0.7889216797135905,29.957805907172983,0.6335458734066214,1985,,,,,,,,,,,,,,,,,,
2026-09-26T00:15:51.295927+08:00,2026-09-24,2308,台達電,v6-model-1.0,FinMind,1910.0,,—,,85.0,強多,61.09704685795326,0.7535591432985408,7.909604519774005,0.4546212043931058,1986,,,,,,,,,,,,,,,,,,
2026-09-26T00:15:45.445174+08:00,2026-09-24,2317,鴻海,v6-model-1.0,FinMind,250.5,,—,,54.0,偏多,49.30811591358045,1.0998632315697758,-0.5952380952380931,0.4578138759887903,1979,,,,,,,,,,,,,,,,,,
2026-09-26T00:15:43.115125+08:00,2026-09-24,2330,台積電,v6-model-1.0,FinMind,2475.0,,—,,100.0,強多,56.88032471761174,0.6618423597241979,2.6970954356846377,0.4947549138659597,1986,,,,,,,,,,,,,,,,,,
2026-09-26T00:25:27.631895+08:00,2026-09-24,2337,旺宏,v6-model-1.0,FinMind,117.0,,—,,5.0,強空,44.26553593735254,0.5946194877788219,-8.235294117647063,0.4342504435171592,1986,,,,,,,,,,,,,,,,,,
2026-09-26T00:25:28.855407+08:00,2026-09-24,2344,華邦電,v6-model-1.0,FinMind,171.5,,—,,36.0,偏空,48.78450305070479,0.4113189165815851,-7.795698924731187,0.5289624809370961,1986,,,,,,,,,,,,,,,,,,
2026-09-26T00:15:53.170919+08:00,2026-09-24,2382,廣達,v6-model-1.0,FinMind,338.5,,—,,48.0,偏空,51.63203821953012,0.7159868276905778,1.4992503748125996,0.4356890983380031,1986,,,,,,,,,,,,,,,,,,
2026-09-26T00:25:31.383189+08:00,2026-09-24,2408,南亞科,v6-model-1.0,FinMind,503.0,,—,,48.0,偏空,50.98652262178906,0.6214390799489438,-7.024029574861368,0.4752121033564745,1986,,,,,,,,,,,,,,,,,,
2026-09-26T00:25:32.536700+08:00,2026-09-24,2449,京元電子,v6-model-1.0,FinMind,311.0,,—,,100.0,強多,65.60701069577104,0.8921390607503756,25.656565656565668,0.3339758170767971,1985,,,,,,,,,,,,,,,,,,
2026-09-26T00:15:49.703182+08:00,2026-09-24,2454,聯發科,v6-model-1.0,FinMind,5285.0,,—,,100.0,強多,73.79047158955419,0.8876246206235756,36.73997412677878,0.4690155901681609,1986,,,,,,,,,,,,,,,,,,
2026-09-26T00:15:54.733062+08:00,2026-09-24,2881,富邦金,v6-model-1.0,FinMind,150.0,,—,,75.0,強多,57.211757025752966,0.4813969357462679,6.0070671378091856,0.466677125732462,1986,,,,,,,,,,,,,,,,,,
2026-09-26T00:15:58.471435+08:00,2026-09-24,2882,國泰金,v6-model-1.0,FinMind,110.5,,—,,48.0,偏空,54.28140029600047,0.5031451363217708,7.804878048780495,0.50913569870686,1986,,,,,,,,,,,,,,,,,,
2026-09-26T00:16:01.536225+08:00,2026-09-24,2891,中信金,v6-model-1.0,FinMind,68.5,,—,,84.0,強多,53.09556874560096,0.5109684579988553,7.366771159874608,0.5209377833150993,1986,,,,,,,,,,,,,,,,,,
2026-09-26T00:25:33.709777+08:00,2026-09-24,3006,晶豪科,v6-model-1.0,FinMind,275.0,,—,,36.0,偏空,49.93238456593828,0.3859460029097875,0.364963503649629,0.469897424064447,1986,,,,,,,,,,,,,,,,,,
2026-09-26T00:25:34.960382+08:00,2026-09-24,3481,群創,v6-model-1.0,FinMind,49.55,,—,,74.0,強多,52.04974366471997,0.5001453202099504,7.135135135135129,0.413930011737584,1965,,,,,,,,,,,,,,,,,,
2026-09-26T00:25:36.120710+08:00,2026-09-24,4977,眾達-KY,v6-model-1.0,FinMind,168.5,,—,,26.0,強空,51.07577402381313,0.2509217443451846,-1.7492711370262426,0.4448743373026305,1985,,,,,,,,,,,,,,,,,,
2026-09-26T00:25:37.352546+08:00,2026-09-24,5498,凱崴,v6-model-1.0,FinMind,50.1,,—,,15.0,強空,44.493477986816735,0.3235307004148744,-6.003752345215752,0.4338567476799521,1986,,,,,,,,,,,,,,,,,,
2026-09-26T00:25:45.550713+08:00,2026-09-24,6155,鈞寶,v6-model-1.0,FinMind,60.2,V,B,72.86846344600711,86.0,強多,58.14715927333163,2.984149960768015,4.152249134948116,0.4027960687659182,1986,,,,,,,,,,,,,,,,,,
2026-09-26T00:25:38.623858+08:00,2026-09-24,6425,易發,v6-model-1.0,FinMind,71.1,,—,,100.0,強多,61.274744908540335,0.5668553007262068,14.492753623188404,0.5821206524614522,1969,,,,,,,,,,,,,,,,,,
2026-09-26T00:25:39.773421+08:00,2026-09-24,6488,環球晶,v6-model-1.0,FinMind,948.0,,—,,64.0,偏多,49.47095739554063,0.93264437588126,-1.043841336116913,0.5087694734955498,1986,,,,,,,,,,,,,,,,,,
2026-09-26T00:25:40.767679+08:00,2026-09-24,7714,創泓科技,v6-model-1.0,FinMind,166.0,,—,,38.0,偏空,48.46117472950904,0.3571932736127358,-9.782608695652172,0.6288728646791089,586,,,,,,,,,,,,,,,,,,
2026-09-26T00:25:41.982521+08:00,2026-09-24,8110,華東,v6-model-1.0,FinMind,49.0,,—,,81.0,強多,59.69135439149441,0.7666533237050666,6.175514626218859,0.4003507438401495,1986,,,,,,,,,,,,,,,,,,
2026-09-29T17:46:45.406964+08:00,2026-09-29,0050,元大台灣50,v6-model-1.0,FinMind,111.3,,—,,96.0,強多,61.39486574074534,1.4458484386780537,4.067321178120609,0.5055098966253659,1981,,,,,,,,,,,,,,,,,,
2026-09-29T17:46:46.689689+08:00,2026-09-29,00662,富邦NASDAQ,v6-model-1.0,FinMind,123.25,,—,,76.0,強多,60.62975890931135,1.3516250635667513,2.6655560183256988,0.6316799489175325,1986,,,,,,,,,,,,,,,,,,
2026-09-29T17:46:49.107706+08:00,2026-09-29,00830,國泰費城半導體,v6-model-1.0,FinMind,86.85,,—,,85.0,強多,58.48754391542766,0.7462496480577269,4.828002414001209,0.5567211542998394,1740,,,,,,,,,,,,,,,,,,
2026-09-29T17:47:31.110684+08:00,2026-09-29,2303,聯電,v6-model-1.0,FinMind,153.5,,—,,91.0,強多,61.79429691429683,0.5926270549658805,18.07692307692308,0.5165384890217006,1985,,,,,,,,,,,,,,,,,,
2026-09-29T17:46:50.490071+08:00,2026-09-29,2317,鴻海,v6-model-1.0,FinMind,250.5,,—,,54.0,偏多,49.30811591358045,0.9950504383561302,-0.988142292490124,0.4403855316327759,1979,,,,,,,,,,,,,,,,,,
2026-09-29T17:47:27.321803+08:00,2026-09-29,2330,台積電,v6-model-1.0,FinMind,2475.0,,—,,100.0,強多,56.88032471761175,1.1905485375096436,2.2727272727272707,0.4989640796891517,1986,,,,,,,,,,,,,,,,,,
2026-09-29T17:46:51.910642+08:00,2026-09-29,2337,旺宏,v6-model-1.0,FinMind,118.5,,—,,22.0,強空,46.34342117258439,0.4954763583569354,-6.324110671936756,0.530321782632101,1986,,,,,,,,,,,,,,,,,,
2026-09-29T17:46:54.087965+08:00,2026-09-29,2344,華邦電,v6-model-1.0,FinMind,174.0,,—,,26.0,強空,50.613298063727626,0.3842885067855111,-4.132231404958676,0.5363607449300469,1986,,,,,,,,,,,,,,,,,,
2026-09-29T17:46:55.949085+08:00,2026-09-29,2382,廣達,v6-model-1.0,FinMind,336.5,,—,,48.0,偏空,49.89342079741111,0.719293648731278,1.2030075187969835,0.449209006804433,1986,,,,,,,,,,,,,,,,,,
2026-09-29T17:46:57.552550+08:00,2026-09-29,2408,南亞科,v6-model-1.0,FinMind,506.0,,—,,58.0,偏多,51.63180952606705,0.401667042798374,-6.296296296296299,0.4806947294261837,1986,,,,,,,,,,,,,,,,,,
2026-09-29T17:47:02.791692+08:00,2026-09-29,2449,京元電子,v6-model-1.0,FinMind,294.5,,—,,100.0,強多,57.45537493953523,1.0276780625635085,9.07407407407408,0.4114269226093804,1985,,,,,,,,,,,,,,,,,,
2026-09-29T17:47:04.846069+08:00,2026-09-29,3006,晶豪科,v6-model-1.0,FinMind,285.0,,—,,56.0,偏多,53.959605175588095,0.5452626325926331,5.75139146567718,0.4492316040675681,1986,,,,,,,,,,,,,,,,,,
2026-09-29T17:47:06.788932+08:00,2026-09-29,3481,群創,v6-model-1.0,FinMind,49.75,,—,,74.0,強多,52.79245785879432,0.5392986265809598,2.366255144032925,0.4065290545032577,1965,,,,,,,,,,,,,,,,,,
2026-09-29T17:47:08.065490+08:00,2026-09-29,4977,眾達-KY,v6-model-1.0,FinMind,168.5,,—,,26.0,強空,51.07577402381313,0.3344637360221607,-2.034883720930236,0.4475160556916243,1985,,,,,,,,,,,,,,,,,,
2026-09-29T17:47:12.277344+08:00,2026-09-29,5498,凱崴,v6-model-1.0,FinMind,49.85,,—,,15.0,強空,43.7804963357101,0.4730574297251083,-14.199655765920827,0.4742801992579721,1986,,,,,,,,,,,,,,,,,,
2026-09-29T17:47:33.052395+08:00,2026-09-29,6155,鈞寶,v6-model-1.0,FinMind,64.0,,—,,90.0,強多,65.33614263894515,5.148128286941234,8.108108108108091,0.2576573895017826,1986,,,,,,,,,,,,,,,,,,
2026-09-29T17:47:14.027326+08:00,2026-09-29,6425,易發,v6-model-1.0,FinMind,74.0,,—,,100.0,強多,65.05366549245029,0.9741761706835076,13.496932515337411,0.5973354920767616,1969,,,,,,,,,,,,,,,,,,
2026-09-29T17:47:15.848950+08:00,2026-09-29,6488,環球晶,v6-model-1.0,FinMind,945.0,,—,,64.0,偏多,49.07293829928733,0.8934668062000425,-2.777777777777779,0.5203328291773873,1986,,,,,,,,,,,,,,,,,,
2026-09-29T17:47:19.696148+08:00,2026-09-29,7714,創泓科技,v6-model-1.0,FinMind,162.0,,—,,26.0,強空,46.01407819764454,0.4556113821591757,-7.163323782234954,0.574700328642953,587,,,,,,,,,,,,,,,,,,
2026-09-29T17:47:24.901292+08:00,2026-09-29,8110,華東,v6-model-1.0,FinMind,48.4,,—,,81.0,強多,57.74418932485747,0.5111304398025495,5.217391304347818,0.4108802977233141,1986,,,,,,,,,,,,,,,,,,
2026-09-30T17:47:19.860457+08:00,2026-09-30,0050,元大台灣50,v6-model-1.0,FinMind,112.05,,—,,100.0,強多,63.51710247906353,0.8017823848614037,5.45882352941176,0.5417332741966896,1981,,,,,,,,,,,,,,,,,,
2026-09-30T17:47:21.238800+08:00,2026-09-30,00662,富邦NASDAQ,v6-model-1.0,FinMind,124.2,,—,,100.0,強多,63.735743696068056,0.7736431366848283,3.759398496240607,0.5616026932812529,1986,,,,,,,,,,,,,,,,,,
2026-09-30T17:47:22.521048+08:00,2026-09-30,00830,國泰費城半導體,v6-model-1.0,FinMind,88.8,,—,,85.0,強多,62.716965358330064,0.9842982946646516,9.629629629629632,0.5665054190485782,1741,,,,,,,,,,,,,,,,,,
2026-09-30T17:47:43.971188+08:00,2026-09-30,2303,聯電,v6-model-1.0,FinMind,154.5,,—,,91.0,強多,62.5575581726915,0.5610332701848382,19.767441860465105,0.5142304829624064,1985,,,,,,,,,,,,,,,,,,
2026-09-30T17:47:23.848227+08:00,2026-09-30,2317,鴻海,v6-model-1.0,FinMind,251.5,V,C,66.20868284349514,94.0,強多,50.68030297884016,0.8841873910060934,0.6000000000000005,0.4215512825812951,1979,,,,,,,,,,,,,,,,,,
2026-09-30T17:47:42.606790+08:00,2026-09-30,2330,台積電,v6-model-1.0,FinMind,2480.0,,—,,96.0,強多,57.54133927305315,1.5126723589286328,3.118503118503124,0.5191742347688308,1986,,,,,,,,,,,,,,,,,,
2026-09-30T17:47:25.157000+08:00,2026-09-30,2337,旺宏,v6-model-1.0,FinMind,122.5,,—,,52.0,偏多,51.53262405668964,1.052865945277146,-2.777777777777779,0.4759616400397143,1986,,,,,,,,,,,,,,,,,,
2026-09-30T17:47:26.504468+08:00,2026-09-30,2344,華邦電,v6-model-1.0,FinMind,179.5,V,B,70.31876714916065,72.0,強多,54.46552068071857,0.8217248530590999,-1.6438356164383603,0.4713702840450589,1986,,,,,,,,,,,,,,,,,,
2026-09-30T17:47:27.857540+08:00,2026-09-30,2382,廣達,v6-model-1.0,FinMind,333.5,A,—,,26.0,強空,47.319468139702494,0.8331115053185546,-1.477104874446089,0.4234586289615771,1986,,,,,,,,,,,,,,,,,,
2026-09-30T17:47:29.186580+08:00,2026-09-30,2408,南亞科,v6-model-1.0,FinMind,519.0,,—,,68.0,偏多,54.43149289464719,0.7337999651923868,-4.41988950276243,0.442219742839832,1986,,,,,,,,,,,,,,,,,,
2026-09-30T17:47:30.511646+08:00,2026-09-30,2449,京元電子,v6-model-1.0,FinMind,294.5,,—,,91.0,強多,57.45537493953523,0.8502325209217615,14.591439688715946,0.4638408867754324,1985,,,,,,,,,,,,,,,,,,
2026-09-30T17:47:31.862317+08:00,2026-09-30,3006,晶豪科,v6-model-1.0,FinMind,286.0,,—,,56.0,偏多,54.3549958728355,0.5137122459038824,-2.222222222222225,0.4727188310849564,1986,,,,,,,,,,,,,,,,,,
2026-09-30T17:47:33.209280+08:00,2026-09-30,3481,群創,v6-model-1.0,FinMind,54.7,,—,,90.0,強多,66.5869743199093,2.37750743332197,9.729187562688058,0.5553546280600345,1965,,,,,,,,,,,,,,,,,,
2026-09-30T17:47:34.549658+08:00,2026-09-30,4977,眾達-KY,v6-model-1.0,FinMind,169.0,,—,,26.0,強空,51.47035846332479,0.6006597003754861,-3.4285714285714253,0.4472870220503556,1985,,,,,,,,,,,,,,,,,,
2026-09-30T17:47:35.963476+08:00,2026-09-30,5498,凱崴,v6-model-1.0,FinMind,51.2,,—,,26.0,強空,48.57289075967751,0.7618501909221407,-8.896797153024917,0.441604994672644,1986,,,,,,,,,,,,,,,,,,
2026-09-30T17:47:45.290652+08:00,2026-09-30,6155,鈞寶,v6-model-1.0,FinMind,63.3,,—,,80.0,強多,63.18314811264473,2.4043111019544003,10.85814360770576,0.2947545813911854,1986,,,,,,,,,,,,,,,,,,
2026-09-30T17:47:37.361441+08:00,2026-09-30,6425,易發,v6-model-1.0,FinMind,79.0,,—,,100.0,強多,70.41425631067504,3.4966088700786173,16.519174041297944,0.5941272676680023,1969,,,,,,,,,,,,,,,,,,
2026-09-30T17:47:38.789070+08:00,2026-09-30,6488,環球晶,v6-model-1.0,FinMind,1035.0,,—,,90.0,強多,59.57951148741172,1.7732813526972588,13.486842105263165,0.6625234405901373,1986,,,,,,,,,,,,,,,,,,
2026-09-30T17:47:39.849687+08:00,2026-09-30,7714,創泓科技,v6-model-1.0,FinMind,172.0,,—,,61.0,偏多,52.47512437584089,1.4635707620745453,1.775147928994092,0.6621170478065433,588,,,,,,,,,,,,,,,,,,
2026-09-30T17:47:41.158913+08:00,2026-09-30,8110,華東,v6-model-1.0,FinMind,49.2,,—,,91.0,強多,59.63488217066836,0.694762829850146,7.776560788608999,0.4201343059542052,1986,,,,,,,,,,,,,,,,,,
2026-10-01T17:47:00.719014+08:00,2026-10-01,0050,元大台灣50,v6-model-1.0,FinMind,112.9,,—,,100.0,強多,65.81101729019493,0.7570151572750179,4.103273397879215,0.5219797808798953,1981,,,,,,,,,,,,,,,,,,
2026-10-01T17:47:02.204903+08:00,2026-10-01,00662,富邦NASDAQ,v6-model-1.0,FinMind,126.2,,—,,100.0,強多,69.23795781593414,0.7399465991713108,5.606694560669467,0.573631475162114,1986,,,,,,,,,,,,,,,,,,
2026-10-01T17:47:03.655193+08:00,2026-10-01,00830,國泰費城半導體,v6-model-1.0,FinMind,90.9,,—,,90.0,強多,66.65680960040226,1.3138723278012605,12.15299198025912,0.6020244986471268,1742,,,,,,,,,,,,,,,,,,
2026-10-01T17:47:26.994446+08:00,2026-10-01,2303,聯電,v6-model-1.0,FinMind,161.5,,—,,100.0,強多,67.45836040250515,0.6451434012092346,21.886792452830186,0.48556667958738847,1985,,,,,,,,,,,,,,,,,,
2026-10-01T17:47:05.123300+08:00,2026-10-01,2317,鴻海,v6-model-1.0,FinMind,254.0,,—,,84.0,強多,54.030492896326024,0.992058229094638,-0.78125,0.3972171119617437,1979,,,,,,,,,,,,,,,,,,
2026-10-01T17:47:25.512447+08:00,2026-10-01,2330,台積電,v6-model-1.0,FinMind,2510.0,,—,,100.0,強多,61.36798964127219,0.9349452149583682,2.868852459016402,0.49253602882062597,1986,,,,,,,,,,,,,,,,,,
2026-10-01T17:47:06.584800+08:00,2026-10-01,2337,旺宏,v6-model-1.0,FinMind,121.0,,—,,52.0,偏多,49.59559245482166,0.5572477638241123,-1.224489795918371,0.5011501500733582,1986,,,,,,,,,,,,,,,,,,
2026-10-01T17:47:08.050556+08:00,2026-10-01,2344,華邦電,v6-model-1.0,FinMind,180.0,,—,,94.0,強多,54.81060866831754,0.648608913169743,2.2727272727272707,0.4930030988305526,1986,,,,,,,,,,,,,,,,,,
2026-10-01T17:47:09.530532+08:00,2026-10-01,2382,廣達,v6-model-1.0,FinMind,334.0,,—,,26.0,強空,47.80279171831467,1.0248169502374371,-2.3391812865497075,0.4261767076263898,1986,,,,,,,,,,,,,,,,,,
2026-10-01T17:47:10.985543+08:00,2026-10-01,2408,南亞科,v6-model-1.0,FinMind,519.0,,—,,78.0,強多,54.43149289464718,0.5226841924054225,0.19305019305020377,0.47237774798220966,1986,,,,,,,,,,,,,,,,,,
2026-10-01T17:47:12.482496+08:00,2026-10-01,2449,京元電子,v6-model-1.0,FinMind,296.0,,—,,91.0,強多,58.00550272895232,0.5629394317169508,6.093189964157708,0.49972931460909276,1985,,,,,,,,,,,,,,,,,,
2026-10-01T17:47:13.937372+08:00,2026-10-01,3006,晶豪科,v6-model-1.0,FinMind,281.0,,—,,46.0,偏空,51.95257457209276,0.44847294065148696,0.8976660682226134,0.46230956378668225,1986,,,,,,,,,,,,,,,,,,
2026-10-01T17:47:15.388165+08:00,2026-10-01,3481,群創,v6-model-1.0,FinMind,52.3,,—,,76.0,強多,57.77231399325945,2.1065871664472136,6.085192697768771,0.45204287797207504,1965,,,,,,,,,,,,,,,,,,
2026-10-01T17:47:16.858010+08:00,2026-10-01,4977,眾達-KY,v6-model-1.0,FinMind,170.5,,—,,26.0,強空,52.70277520217258,0.35251283111744386,-4.4817927170868295,0.46322218561332473,1985,,,,,,,,,,,,,,,,,,
2026-10-01T17:47:18.350938+08:00,2026-10-01,5498,凱崴,v6-model-1.0,FinMind,50.6,,—,,22.0,強空,46.66877177273391,0.7159302386463755,-10.283687943262409,0.450681144127208,1986,,,,,,,,,,,,,,,,,,
2026-10-01T17:47:28.485709+08:00,2026-10-01,6155,鈞寶,v6-model-1.0,FinMind,69.6,,—,,90.0,強多,72.09547740730781,5.134382373893842,20.833333333333325,0.31809857933194086,1986,,,,,,,,,,,,,,,,,,
2026-10-01T17:47:19.840524+08:00,2026-10-01,6425,易發,v6-model-1.0,FinMind,81.3,,—,,100.0,強多,72.503687166,3.774478719528201,20.62314540059347,0.5628387631789049,1969,,,,,,,,,,,,,,,,,,
2026-10-01T17:47:21.302677+08:00,2026-10-01,6488,環球晶,v6-model-1.0,FinMind,1085.0,,—,,90.0,強多,64.02050111599644,2.188011523012727,9.154929577464799,0.4643861111029214,1986,,,,,,,,,,,,,,,,,,
2026-10-01T17:47:22.528707+08:00,2026-10-01,7714,創泓科技,v6-model-1.0,FinMind,169.5,,—,,66.0,偏多,50.83707287374409,0.8441841392393529,1.1940298507462588,0.6146533744959838,589,,,,,,,,,,,,,,,,,,
2026-10-01T17:47:24.034546+08:00,2026-10-01,8110,華東,v6-model-1.0,FinMind,48.7,,—,,91.0,強多,57.89141642496105,0.4908204492749205,7.862679955703222,0.3903650632042616,1986,,,,,,,,,,,,,,,,,,
