event_id,created_at,data_date,stock_id,stock_name,event_type,title,message,telegram_status,discord_status
f35c6525a223ae6ca35944d1,2026-09-30T17:47:45.300392+08:00,2026-09-30,2317,鴻海,NEW_V,新 V 訊號,2317 鴻海 出現 V 訊號｜品質 C｜力道 94｜AI 5日上漲機率 42.2%,not_configured,not_configured
60f35176e96302b4c8310149,2026-09-30T17:47:45.302868+08:00,2026-09-30,2344,華邦電,NEW_V,新 V 訊號,2344 華邦電 出現 V 訊號｜品質 B｜力道 72｜AI 5日上漲機率 47.1%,not_configured,not_configured
27ee5b08e3b5326b89ac354a,2026-09-30T17:47:45.304009+08:00,2026-09-30,2382,廣達,NEW_A,新 A 訊號,2382 廣達 出現 A 訊號｜力道 26｜AI 5日上漲機率 42.3%,not_configured,not_configured
777fe09c6086184c42b3253d,2026-10-01T17:47:28.498409+08:00,2026-10-01,00662,富邦NASDAQ,RAPID_WARMING,力道快速升溫,00662 富邦NASDAQ 力道快速升溫｜3日 +15.0｜目前力道 100,not_configured,not_configured
4ec87076cf72ce9934262c8b,2026-10-01T17:47:28.502535+08:00,2026-10-01,2317,鴻海,RAPID_WARMING,力道快速升溫,2317 鴻海 力道快速升溫｜3日 +30.0｜目前力道 84,not_configured,not_configured
4452b82a96bd00579f5789d5,2026-10-01T17:47:28.504577+08:00,2026-10-01,2337,旺宏,RAPID_WARMING,力道快速升溫,2337 旺宏 力道快速升溫｜3日 +47.0｜目前力道 52,not_configured,not_configured
757001264bc0e61c15aa9581,2026-10-01T17:47:28.506623+08:00,2026-10-01,2344,華邦電,RAPID_WARMING,力道快速升溫,2344 華邦電 力道快速升溫｜3日 +58.0｜目前力道 94,not_configured,not_configured
2391b1eaab81ec0ca62b0d55,2026-10-01T17:47:28.510601+08:00,2026-10-01,2408,南亞科,RAPID_WARMING,力道快速升溫,2408 南亞科 力道快速升溫｜3日 +30.0｜目前力道 78,not_configured,not_configured
6a51874385e818ec0556098f,2026-10-01T17:47:28.514565+08:00,2026-10-01,3006,晶豪科,RAPID_WARMING,力道快速升溫,3006 晶豪科 力道快速升溫｜3日 +10.0｜目前力道 46,not_configured,not_configured
5de675adc1f647b4bfe8ca9a,2026-10-01T17:47:28.524318+08:00,2026-10-01,6488,環球晶,RAPID_WARMING,力道快速升溫,6488 環球晶 力道快速升溫｜3日 +26.0｜目前力道 90,not_configured,not_configured
2a526cc9234443f821254230,2026-10-01T17:47:28.526498+08:00,2026-10-01,7714,創泓科技,RAPID_WARMING,力道快速升溫,7714 創泓科技 力道快速升溫｜3日 +28.0｜目前力道 66,not_configured,not_configured
a393190e6ea39f00108f8552,2026-10-01T17:47:28.528526+08:00,2026-10-01,8110,華東,RAPID_WARMING,力道快速升溫,8110 華東 力道快速升溫｜3日 +10.0｜目前力道 91,not_configured,not_configured
34cce3a5a18e783f782d83c9,2026-10-02T17:48:52.990397+08:00,2026-10-02,00662,富邦NASDAQ,RAPID_WARMING,力道快速升溫,00662 富邦NASDAQ 力道快速升溫｜3日 +24.0｜目前力道 100,not_configured,not_configured
27249b8d75276d2c277fb25b,2026-10-02T17:48:52.994501+08:00,2026-10-02,2337,旺宏,NEW_V,新 V 訊號,2337 旺宏 出現 V 訊號｜品質 D｜力道 64｜AI 5日上漲機率 48.9%,not_configured,not_configured
598ff52b24f99b51bb2a1eb4,2026-10-02T17:48:52.996221+08:00,2026-10-02,2337,旺宏,RAPID_WARMING,力道快速升溫,2337 旺宏 力道快速升溫｜3日 +42.0｜目前力道 64,not_configured,not_configured
f7b5fe828f28876bdc3054a9,2026-10-02T17:48:52.998151+08:00,2026-10-02,2344,華邦電,RAPID_WARMING,力道快速升溫,2344 華邦電 力道快速升溫｜3日 +58.0｜目前力道 84,not_configured,not_configured
c48e3a09a67a1be9a387b49b,2026-10-02T17:48:53.002027+08:00,2026-10-02,2408,南亞科,RAPID_WARMING,力道快速升溫,2408 南亞科 力道快速升溫｜3日 +42.0｜目前力道 100,not_configured,not_configured
8ac9bf678053bd9f0b40ae94,2026-10-02T17:48:53.005834+08:00,2026-10-02,3006,晶豪科,RAPID_WARMING,力道快速升溫,3006 晶豪科 力道快速升溫｜3日 +10.0｜目前力道 66,not_configured,not_configured
e277608b330c472ad5d908f5,2026-10-02T17:48:53.009621+08:00,2026-10-02,4977,眾達-KY,RAPID_WARMING,力道快速升溫,4977 眾達-KY 力道快速升溫｜3日 +42.0｜目前力道 68,not_configured,not_configured
83fb8d8cbe0a7c87ef5e7322,2026-10-02T17:48:53.009932+08:00,2026-10-02,5498,凱崴,A_GRADE_V,A 級新 V,5498 凱崴 出現 A 級 V｜力道 88｜AI 5日上漲機率 54.0%,not_configured,not_configured
74456a9641fdae3fb29c14cd,2026-10-02T17:48:53.011599+08:00,2026-10-02,5498,凱崴,RAPID_WARMING,力道快速升溫,5498 凱崴 力道快速升溫｜3日 +73.0｜目前力道 88,not_configured,not_configured
1d3456aa0672cc4501e54a93,2026-10-02T17:48:53.015388+08:00,2026-10-02,6488,環球晶,RAPID_WARMING,力道快速升溫,6488 環球晶 力道快速升溫｜3日 +26.0｜目前力道 90,not_configured,not_configured
9a1afa034413b60ce1eeed16,2026-10-02T17:48:53.017294+08:00,2026-10-02,7714,創泓科技,RAPID_WARMING,力道快速升溫,7714 創泓科技 力道快速升溫｜3日 +40.0｜目前力道 66,not_configured,not_configured
947f589c1763544fd19c922b,2026-10-02T17:48:53.019427+08:00,2026-10-02,8110,華東,RAPID_WARMING,力道快速升溫,8110 華東 力道快速升溫｜3日 +19.0｜目前力道 100,not_configured,not_configured
a75c9a47cd019b68fe51f090,2026-10-02T17:48:53.025130+08:00,2026-10-02,6155,鈞寶,RAPID_WARMING,力道快速升溫,6155 鈞寶 力道快速升溫｜3日 +10.0｜目前力道 100,not_configured,not_configured
